,FS1,FS2,FS3,FS4,MS16,MS18
FS1,0,0,0.008160534,0,0.001709694,0
FS2,0.010063063,0,0.006318294,0.003151951,0.003419388,0
FS3,0.001587932,0,0,0,0.001587932,0
FS4,0.003279106,0,0.004763795,0,0,0
MS16,0.006827451,0,0.008183183,0,0,0
MS18,0,0.001934423,0.001934423,0,0,0