Name,Infant carrying time in percentage,Eig before,Eig after,Eig change
SA,,0.378,0.382,0.004
GA,4.672618806,0.282,0.226,-0.056
GE,7.546516269,0.344,0.345,0.001
PA,7.8065475,0.29,0.274,-0.016
PHI,9.339505926,0.274,0.344,0.07
GI,2.508928612,0.191,0.15,-0.041
JO,0.22089946,0.329,0.419,0.09
NI,1.10769414,0.303,0.3,-0.003
MI,8.332342744,0.138,0.297,0.159
SU,18.31712833,0.382,0.226,-0.156
RA,0.210648149,0.303,0.149,-0.154
CHE,,0.05,0.181,0.131
DA,,0.058,0.094,0.036
